action	min_reward	mean_reward	max_reward
0	0.0	0.5671858086916414	3.76146119165972
1	0.0	0.5327553313668818	2.707421950056615
2	0.0	0.20873644528977597	0.9666168669576152
