strategy	regret
uniform	143.51191634700916
just-0	5.075254710928686
just-1	31.381874807572654
just-2	371.0969491411133
actual	35.559867350994736
